{"stats":{"minecraft:custom":{"minecraft:time_since_rest":1647,"minecraft:deaths":1,"minecraft:play_time":12284,"minecraft:sprint_one_cm":64802,"minecraft:damage_taken":260,"minecraft:walk_one_cm":20552,"minecraft:walk_under_water_one_cm":271,"minecraft:mob_kills":3,"minecraft:jump":226,"minecraft:damage_dealt":160,"minecraft:leave_game":2,"minecraft:time_since_death":1606,"minecraft:walk_on_water_one_cm":188,"minecraft:climb_one_cm":2696,"minecraft:total_world_time":12284,"minecraft:fall_one_cm":6999,"minecraft:fly_one_cm":39419},"minecraft:used":{"minecraft:rabbit":2},"minecraft:mined":{"minecraft:cactus":2,"minecraft:vine":13,"minecraft:dead_bush":11,"minecraft:mangrove_roots":1,"minecraft:mangrove_propagule":1,"minecraft:mangrove_leaves":7},"minecraft:killed":{"minecraft:rabbit":2,"minecraft:frog":1},"minecraft:picked_up":{"minecraft:stick":9,"minecraft:cactus":3,"minecraft:rabbit_hide":2,"minecraft:mangrove_roots":1,"minecraft:rabbit":2,"minecraft:mangrove_propagule":1,"minecraft:rabbit_foot":1}},"DataVersion":3465}