{"stats":{"minecraft:custom":{"minecraft:time_since_rest":9277,"minecraft:play_time":9277,"minecraft:sprint_one_cm":59092,"minecraft:damage_taken":180,"minecraft:walk_one_cm":12819,"minecraft:walk_under_water_one_cm":271,"minecraft:mob_kills":3,"minecraft:jump":186,"minecraft:damage_dealt":160,"minecraft:leave_game":1,"minecraft:time_since_death":9277,"minecraft:walk_on_water_one_cm":188,"minecraft:climb_one_cm":1283,"minecraft:total_world_time":9277,"minecraft:fall_one_cm":5701,"minecraft:fly_one_cm":34364},"minecraft:used":{"minecraft:rabbit":2},"minecraft:picked_up":{"minecraft:stick":6,"minecraft:cactus":3,"minecraft:rabbit_hide":2,"minecraft:mangrove_roots":1,"minecraft:rabbit":2,"minecraft:mangrove_propagule":1,"minecraft:rabbit_foot":1},"minecraft:mined":{"minecraft:cactus":2,"minecraft:vine":13,"minecraft:dead_bush":7,"minecraft:mangrove_roots":1,"minecraft:mangrove_leaves":6,"minecraft:mangrove_propagule":1},"minecraft:killed":{"minecraft:rabbit":2,"minecraft:frog":1}},"DataVersion":3465}